{"XoEUdqHteT7EmYeLRlVVDA==":"icebergs-429132_960-2000x1500.jpg","HovYta7/TivkDhh64KludA==":"doorclr-128x128.jpg","1RD3hSUflEAA5O4rlm9NtQ==":"logoprep1-128x128.jpg","ovEDJB24WaO5KeW2KhjIew==":"web%20logo-135x128.jpg","mgV+lHbcdr/6vJUyYygM5Q==":"web%20logo-135x128.jpg","w1H2JuehEvwl3nng64PINA==":"cryotherapy-2000x1334.jpg","KF0PJAyXnziz1Ne+UZeYGw==":"cryotherapyfog-2000x406.jpg","pjnTv4eCnJI6amoA7isw6w==":"15975236_10154217516013461_6678138567168846901_o-2000x1321.jpg","yBcWcYDr2rFee5JPX1MnzQ==":"river-922894_960-2000x1333.jpg","3RkBN9uBVPEdPqXF5zGgjQ==":"dsc09615-2000x1500.jpg","gu7LwPCozE4mWuJGtuWprw==":"67968689-2000x1333.jpg","IqsFwDlkS6cicprusyiQsQ==":"mikew-160x160.jpg","d5SuyKL4L6RZt+5riL9Xwg==":"yelp-star-logo-120x160.png","27i0/3w/xmG7qXLuOA3nEQ==":"playharderemail-2000x2033.jpg","+AHFZs+Mmme30GYRWfYs6Q==":"15977389_10154233964015382_2029904977880462703_n-2000x1219.jpg","ZVElUIwcrfdbVfAzH6XNXQ==":"lebron-2000x1290.jpg","l9OKeHxni3fuS37ruJBYDg==":"article-2230708-15f19efa000005dc-16_306x423-2000x1139.jpg","HYvNmzjfY8hOEHkabVXzDA==":"web%20logo2-1400x1324.jpg","ET/tUeOSy4HOpi9eLm+Byg==":"1-2000x2000.jpg","Vpaf1A840a+OIyrLq6d2pA==":"sportsweb-2000x2000.jpg","vy6HbJtH07Ox4aUnB9TRlg==":"fibromyalgia_article-2000x1340.jpg","uTZNxKbKaxLJh5FbKpy6rg==":"ice-1194102_-160x113.jpg","msCJB4Es1nCU8W37C+42Kw==":"ice%20cubes-2000x1333.jpg","WDlZjbb844I2MKJJIQl0qw==":"aaeaaqaaaaaaaaghaaaajgmzzti0otfjltflztqtndg2zs04yzi1lwzimwmwmtblnzyxmq-1400x590.png","VfGylRfSZ691z2rpk5AxLA==":"kobe%20bryant-320x486.jpg","stAQwMVAIVX0kPI/JMKmxQ==":"brett%20rumford-600x400.jpg","9oGp6BjP6Ksi/Jq/QHtwfQ==":"robert-rock-494x356.jpg","eGyA9TH2hUVwVWC+Hafg1g==":"zach-johnson-480fri_1-480x288.jpg","iriy7uOOp5F+MlIYp5yVYA==":"051015-golf-rickie-fowler-pi-ssm-1200x675.jpg","TwFO6gOApt6UOMQAaKKO6g==":"jordanspieth5-640x360.jpg","xZ1bezs3qAEn0acu6g3oaw==":"lebron-james-getty-ftr-093015_do04m0j0mhxv1jeq4aj3aza7u-960x540.jpg","ns6yYDbqh3WdEXuNn6p3PA==":"anthonywall-390x390.jpg","O8tog2iReCVf/kMQVnOYRA==":"serena_williams2%20(1)-620x412.jpg","RNAbihrg7sQbpfNSfTD+YQ==":"fm-e1433941678273-1814x1020.jpg","L/DX4S1VQOjf0AicPANU6A==":"padraig_harrington-625x375.jpg","PV02FIrx+dxJIH4Ey9CCCw==":"career4-1000x694.jpg","rWNBYj55VFFnYsN+1HQU/Q==":"0393288001463260456_filepicker-800x534.jpg","c12eSrKowTjLP1dXAtI/cg==":"mg_2743-2000x1925.jpg","OkcltNR8P+kMEYvbieD0bQ==":"mg_2743-2top-2000x885.jpg","BO7jroFKsRRgbeElLfIK0A==":"mg_2743-2bottom-2000x571.jpg","STc4k1Q6igIEj/xmyyCacA==":"cryosauna-264x432.jpg","tQtpoJH2ZN3ZpNO5aNnHIw==":"press%20top-2000x585.jpg","ODYKZB6plG21nCieXDnZkw==":"pressbottom-2000x402.jpg"}